Accommodation type,AvgDailyStayINR,Samples
Airbnb,13467.598364598367,30
Guesthouse,3688.8888888888887,1
Hostel,6270.212842712842,24
Hotel,18219.184065934063,60
Resort,16516.739074417645,14
Riad,7114.285714285714,1
Vacation rental,10627.513227513227,3
Villa,15872.402597402597,4
